[
  { "SAT": 1600, "ACT": 36, "IB": 42, "A_Level": null, "QuyDoi100": 100 },
  { "SAT": 1584, "ACT": null, "IB": null, "A_Level": null, "QuyDoi100": 99 },
  { "SAT": 1568, "ACT": 35, "IB": 41, "A_Level": null, "QuyDoi100": 98 },
  { "SAT": 1552, "ACT": null, "IB": null, "A_Level": null, "QuyDoi100": 97 },
  { "SAT": 1536, "ACT": null, "IB": 40, "A_Level": null, "QuyDoi100": 96 },
  { "SAT": 1520, "ACT": 34, "IB": null, "A_Level": "A*", "QuyDoi100": 95 },
  { "SAT": 1504, "ACT": null, "IB": 39, "A_Level": null, "QuyDoi100": 94 },
  { "SAT": 1488, "ACT": 33, "IB": null, "A_Level": null, "QuyDoi100": 93 },
  { "SAT": 1472, "ACT": null, "IB": null, "A_Level": null, "QuyDoi100": 92 },
  { "SAT": 1456, "ACT": null, "IB": 38, "A_Level": null, "QuyDoi100": 91 },
  { "SAT": 1440, "ACT": 32, "IB": null, "A_Level": null, "QuyDoi100": 90 },
  { "SAT": 1424, "ACT": null, "IB": 37, "A_Level": null, "QuyDoi100": 89 },
  { "SAT": 1408, "ACT": 31, "IB": null, "A_Level": null, "QuyDoi100": 88 },
  { "SAT": 1392, "ACT": null, "IB": null, "A_Level": null, "QuyDoi100": 87 },
  { "SAT": 1376, "ACT": 30, "IB": 36, "A_Level": null, "QuyDoi100": 86 },
  { "SAT": 1360, "ACT": null, "IB": null, "A_Level": "A", "QuyDoi100": 85 },
  { "SAT": 1344, "ACT": 29, "IB": 35, "A_Level": null, "QuyDoi100": 84 },
  { "SAT": 1328, "ACT": null, "IB": null, "A_Level": null, "QuyDoi100": 83 },
  { "SAT": 1312, "ACT": 28, "IB": 34, "A_Level": null, "QuyDoi100": 82 },
  { "SAT": 1296, "ACT": 27, "IB": null, "A_Level": null, "QuyDoi100": 81 },
  { "SAT": 1280, "ACT": null, "IB": null, "A_Level": null, "QuyDoi100": 80 },
  { "SAT": 1264, "ACT": null, "IB": 33, "A_Level": null, "QuyDoi100": 79 },
  { "SAT": 1248, "ACT": null, "IB": 32, "A_Level": null, "QuyDoi100": 78 },
  { "SAT": 1232, "ACT": 26, "IB": null, "A_Level": null, "QuyDoi100": 77 },
  { "SAT": 1216, "ACT": 25, "IB": null, "A_Level": "B", "QuyDoi100": 75 },
  { "SAT": 1200, "ACT": null, "IB": 31, "A_Level": null, "QuyDoi100": 74 },
  { "SAT": 1184, "ACT": 24, "IB": null, "A_Level": null, "QuyDoi100": 73 },
  { "SAT": null, "ACT": null, "IB": 30, "A_Level": null, "QuyDoi100": 72 },
  { "SAT": null, "ACT": null, "IB": 29, "A_Level": null, "QuyDoi100": 71 },
  { "SAT": null, "ACT": null, "IB": 28, "A_Level": null, "QuyDoi100": 70 },
  { "SAT": null, "ACT": null, "IB": null, "A_Level": null, "QuyDoi100": 69 },
  { "SAT": null, "ACT": null, "IB": null, "A_Level": null, "QuyDoi100": 68 },
  { "SAT": null, "ACT": null, "IB": null, "A_Level": null, "QuyDoi100": 67 },
  { "SAT": null, "ACT": null, "IB": null, "A_Level": null, "QuyDoi100": 66 },
  { "SAT": null, "ACT": null, "IB": null, "A_Level": "C", "QuyDoi100": 65 },
  { "SAT": null, "ACT": null, "IB": null, "A_Level": null, "QuyDoi100": 64 },
  { "SAT": null, "ACT": null, "IB": null, "A_Level": null, "QuyDoi100": 63 },
  { "SAT": null, "ACT": null, "IB": null, "A_Level": null, "QuyDoi100": 62 }
]
